Local authority / region code,Local authority / region name,Oct-19,Jan-20,Apr-20,Jul-20,Oct-20,Jan-21,Apr-21,Jul-21,Oct-21,Jan-22,Apr-22,Jul-22,Oct-22,Jan-23,Apr-23,Jul-23,Oct-23,Jan-24,Apr-24,Jul-24,Oct-24 [Note 14],Jan-25,Apr-25,Jul-25,Oct-25
K02000001,United Kingdom,15116,16505,17947,18265,19487,20775,22790,24374,25927,28375,30290,32011,34637,37055,40150,44020,49220,53677,59670,64632,70042,73334,76507,82002,86021
K03000001,Great Britain,14821,16210,17642,17953,19169,20455,22463,24044,25595,28030,29942,31683,34295,36689,39761,43587,48789,53212,59125,64014,69403,72654,75835,81318,85283
E92000001,England,12549,13719,14979,15395,16456,17459,19261,20563,21925,24159,25884,27502,29774,31466,34203,37717,42489,46374,51506,55631,60364,63389,65877,70672,74115
E12000001,North East,738,752,786,812,849,820,854,887,916,975,1011,1155,1142,1253,1392,1657,1536,1596,1942,1919,2295,2583,2553,2703,2698
E06000047,County Durham,92,96,102,105,106,110,121,116,124,128,149,174,206,229,240,259,268,291,309,313,359,400,462,482,482
E06000005,Darlington,27,27,28,28,29,29,29,31,31,30,31,49,54,68,73,80,80,87,107,103,108,95,101,110,113
E06000001,Hartlepool,5,5,6,6,6,8,9,10,11,13,12,11,8,24,27,27,27,32,37,38,33,34,38,49,49
E06000002,Middlesbrough,25,27,29,29,29,30,30,30,30,32,34,38,33,51,58,63,62,64,58,52,69,73,80,88,94
E06000057,Northumberland,139,138,149,152,162,149,153,172,186,197,198,226,220,251,264,280,277,283,387,383,518,557,596,617,611
E06000003,Redcar and Cleveland,17,17,20,20,24,24,26,32,34,36,36,40,45,37,58,61,71,68,69,59,70,72,67,79,84
E06000004,Stockton-on-Tees,71,73,76,85,86,84,86,86,85,95,97,102,101,107,125,162,115,110,117,111,126,132,128,186,155
E11000007,Tyne and Wear (Metropolitan County),362,369,376,387,407,386,400,410,415,444,454,515,475,486,547,725,636,661,858,860,1012,1220,1081,1092,1110
E08000037,Gateshead,60,61,66,67,70,62,61,63,66,64,76,77,70,73,118,206,161,179,197,200,209,213,218,231,290
E08000021,Newcastle upon Tyne,106,109,107,109,116,113,119,126,124,126,127,138,146,152,154,151,130,131,204,213,307,283,271,256,277
E08000022,North Tyneside,38,34,40,42,48,47,46,45,47,53,54,77,53,49,50,59,64,74,76,72,81,89,88,86,96
E08000023,South Tyneside,30,28,28,28,28,27,28,30,30,42,43,53,51,50,55,63,43,37,44,41,60,120,147,166,132
E08000024,Sunderland,128,137,135,141,145,137,146,146,148,159,154,170,155,162,170,246,238,240,337,334,355,515,357,353,315
E12000002,North West,1204,1279,1412,1476,1403,1410,1513,1620,1725,1804,1883,2004,2188,2316,2468,2929,3154,3627,3953,4475,4798,4971,5158,5669,5872
E06000008,Blackburn with Darwen,14,18,20,24,30,30,27,30,31,32,33,39,46,43,46,45,45,44,57,49,54,59,56,60,67
E06000009,Blackpool,13,15,15,17,19,20,22,22,24,22,23,24,30,30,30,31,39,48,50,45,83,100,92,91,99
E06000049,Cheshire East,59,65,69,71,74,75,87,102,112,122,129,129,140,147,153,154,150,164,180,204,213,240,258,317,327
E06000050,Cheshire West and Chester,40,40,48,49,55,57,69,83,99,101,103,105,116,114,114,133,134,199,208,220,228,237,239,261,281
E06000063,Cumberland (from April 2023),[x],[x],[x],[x],[x],[x],[x],[x],[x],[x],[x],[x],[x],[x],[x],183,189,209,245,255,295,276,307,326,327
E06000006,Halton,8,10,11,14,12,12,12,17,17,17,37,38,51,49,52,53,53,59,56,56,62,57,56,57,66
E06000007,Warrington,66,66,82,83,82,85,87,88,89,89,99,101,111,114,124,129,127,125,134,215,160,163,169,201,235
E06000064,Westmorland and Furness (from April 2023),[x],[x],[x],[x],[x],[x],[x],[x],[x],[x],[x],[x],[x],[x],[x],292,288,300,306,400,467,476,508,547,579
E10000006,Cumbria (abolished April 2023),150,163,179,183,191,198,210,225,237,251,277,315,365,381,405,[x],[x],[x],[x],[x],[x],[x],[x],[x],[x]
E07000026,Allerdale (abolished April 2023),17,17,18,18,18,20,20,19,19,22,22,31,36,39,47,[x],[x],[x],[x],[x],[x],[x],[x],[x],[x]
E07000027,Barrow-in-Furness (abolished April 2023),0,0,2,2,3,3,7,8,9,15,15,15,17,17,24,[x],[x],[x],[x],[x],[x],[x],[x],[x],[x]
E07000028,Carlisle (abolished April 2023),26,28,31,33,35,39,41,50,49,51,60,70,91,91,87,[x],[x],[x],[x],[x],[x],[x],[x],[x],[x]
E07000029,Copeland (abolished April 2023),21,21,22,22,22,22,24,28,28,28,28,29,30,30,30,[x],[x],[x],[x],[x],[x],[x],[x],[x],[x]
E07000030,Eden (abolished April 2023),29,31,34,36,38,37,39,39,45,47,49,48,52,53,57,[x],[x],[x],[x],[x],[x],[x],[x],[x],[x]
E07000031,South Lakeland (abolished April 2023),57,66,72,72,75,77,79,81,87,88,103,122,139,151,160,[x],[x],[x],[x],[x],[x],[x],[x],[x],[x]
E11000001,Greater Manchester (Metropolitan County),446,465,506,509,412,395,411,425,447,473,460,507,522,619,628,761,776,1035,1171,1398,1479,1485,1567,1768,1847
E08000001,Bolton,26,28,31,31,24,18,21,24,24,24,26,26,27,35,30,36,45,46,76,73,92,72,97,103,129
E08000002,Bury,20,20,24,24,17,17,17,17,22,23,22,23,26,40,29,28,27,45,53,59,55,55,54,51,70
E08000003,Manchester,119,129,131,136,105,97,101,107,112,122,112,123,120,158,155,188,180,312,348,427,418,424,421,536,549
E08000004,Oldham,35,38,44,44,32,31,31,33,33,34,36,42,45,52,56,66,68,77,105,104,118,118,120,118,117
E08000005,Rochdale,30,29,36,36,33,26,25,22,27,31,33,34,34,39,36,44,50,58,60,80,87,99,108,92,104
E08000006,Salford,91,89,95,90,74,74,73,76,76,75,74,79,81,96,105,116,116,114,127,172,163,168,166,175,171
E08000007,Stockport,28,32,34,34,32,33,36,35,36,36,37,40,46,47,50,64,60,54,80,100,146,138,165,174,196
E08000008,Tameside,20,22,25,26,19,22,22,25,25,23,24,25,31,29,30,34,33,35,38,50,49,53,52,58,54
E08000009,Trafford,49,49,51,51,45,45,45,44,52,64,58,76,72,84,90,103,116,196,181,201,216,205,217,274,264
E08000010,Wigan,28,29,35,37,31,32,40,42,40,41,38,39,40,39,47,82,81,98,103,132,135,153,167,187,193
E10000017,Lancashire,239,257,282,300,328,335,357,382,409,428,438,463,497,499,520,602,637,670,747,817,909,963,988,1031,1057
E07000117,Burnley,10,12,13,15,16,18,18,18,24,26,29,31,31,32,34,36,39,43,50,59,57,59,59,64,73
E07000118,Chorley,32,33,34,37,40,40,40,43,46,49,48,52,49,48,46,57,69,72,78,79,88,103,99,112,112
E07000119,Fylde,10,12,12,12,14,16,16,16,16,16,16,20,25,25,25,25,26,32,32,42,47,45,70,69,73
E07000120,Hyndburn,8,11,15,19,23,23,23,24,21,22,22,24,21,30,29,29,29,29,33,34,36,33,30,25,37
E07000121,Lancaster,43,42,57,57,62,65,65,73,74,76,81,84,93,86,85,128,121,124,138,139,163,169,162,168,168
E07000122,Pendle,14,14,14,15,15,15,15,15,15,15,16,16,19,19,19,19,21,21,20,20,20,22,40,40,27
E07000123,Preston,38,41,41,44,46,46,50,52,53,53,53,55,55,55,57,56,57,55,68,79,83,74,70,81,83
E07000124,Ribble Valley,17,16,18,18,18,16,21,26,28,28,28,28,30,33,34,38,37,34,39,49,43,55,63,65,61
E07000125,Rossendale,6,11,11,12,13,15,15,15,15,15,15,17,20,20,21,21,29,31,41,42,78,78,83,85,92
E07000126,South Ribble,25,25,26,29,38,39,44,49,50,50,50,51,63,56,57,56,66,69,71,89,110,106,102,119,120
E07000127,West Lancashire,20,22,24,24,25,24,32,32,48,48,50,55,53,54,66,82,79,83,93,95,98,119,108,102,104
E07000128,Wyre,16,18,17,18,18,18,18,19,19,30,30,30,38,41,47,55,64,77,84,90,86,100,102,101,107
E11000002,Merseyside (Metropolitan County),169,180,200,226,200,203,231,246,260,269,284,283,310,320,396,546,716,774,799,816,848,915,918,1010,987
E08000011,Knowsley,7,7,8,9,9,9,11,18,20,23,24,24,25,25,29,33,33,37,38,37,40,39,52,65,72
E08000012,Liverpool,119,124,142,151,133,135,151,165,168,172,175,175,190,194,257,411,581,604,609,582,581,597,614,618,572
E08000014,Sefton,13,17,17,19,19,19,30,23,26,26,30,28,30,36,39,40,40,44,52,54,63,78,77,101,112
E08000013,St. Helens,15,16,17,27,20,20,20,20,22,22,24,21,25,28,33,31,31,30,40,38,45,48,50,85,89
E08000015,Wirral,15,16,16,20,19,20,19,20,24,26,31,35,40,37,38,31,31,59,60,105,119,153,125,141,142
E12000003,Yorkshire and the Humber,664,775,900,951,996,1056,1127,1156,1327,1423,1514,1614,1839,1946,2007,2465,2524,2669,2923,3097,3334,3635,3671,4141,4195
E06000011,East Riding of Yorkshire,27,28,37,38,42,43,55,58,62,71,78,74,89,113,123,141,148,175,180,189,203,223,229,257,251
E06000010,"Kingston upon Hull, City of",17,21,28,28,31,34,36,34,41,48,51,54,57,57,62,71,71,75,110,124,135,153,151,174,175
E06000012,North East Lincolnshire,17,16,18,19,19,19,21,24,24,25,28,27,31,31,31,38,38,42,43,47,79,70,72,84,77
E06000013,North Lincolnshire,14,12,13,15,16,18,21,21,25,25,26,35,35,48,48,48,49,61,66,68,86,107,115,118,126
E06000065,North Yorkshire (from April 2023),[x],[x],[x],[x],[x],[x],[x],[x],[x],[x],[x],[x],[x],[x],[x],439,490,564,664,689,757,797,775,871,905
E06000014,York [Note 13],58,58,68,70,73,74,75,79,86,90,101,110,150,152,154,221,210,190,147,146,156,158,160,170,159
E10000023,North Yorkshire (abolished April 2023),112,117,138,142,157,159,174,177,216,225,242,262,320,332,360,[x],[x],[x],[x],[x],[x],[x],[x],[x],[x]
E07000163,Craven (abolished April 2023),15,14,17,18,20,20,28,26,28,29,34,37,51,51,51,[x],[x],[x],[x],[x],[x],[x],[x],[x],[x]
E07000164,Hambleton (abolished April 2023),15,17,19,20,24,25,25,30,36,38,41,47,48,52,53,[x],[x],[x],[x],[x],[x],[x],[x],[x],[x]
E07000165,Harrogate (abolished April 2023),33,36,42,42,49,49,52,50,53,56,65,65,81,82,111,[x],[x],[x],[x],[x],[x],[x],[x],[x],[x]
E07000166,Richmondshire (abolished April 2023),17,16,17,18,18,18,18,18,19,20,26,35,42,43,43,[x],[x],[x],[x],[x],[x],[x],[x],[x],[x]
E07000167,Ryedale (abolished April 2023),13,15,23,23,23,23,26,27,50,51,43,41,55,57,57,[x],[x],[x],[x],[x],[x],[x],[x],[x],[x]
E07000168,Scarborough (abolished April 2023),16,16,17,18,20,20,20,20,19,20,22,26,31,35,33,[x],[x],[x],[x],[x],[x],[x],[x],[x],[x]
E07000169,Selby (abolished April 2023),3,3,3,3,3,4,5,6,11,11,11,11,12,12,12,[x],[x],[x],[x],[x],[x],[x],[x],[x],[x]
E11000003,South Yorkshire (Metropolitan County),136,203,217,231,238,250,266,271,301,319,337,358,365,381,388,526,539,547,576,661,704,782,773,939,975
E08000016,Barnsley,9,14,19,20,21,23,25,25,45,51,55,56,60,64,62,89,97,98,105,100,113,132,120,139,162
E08000017,Doncaster,34,43,45,45,47,51,52,55,57,65,70,68,73,76,84,113,108,103,119,146,156,169,159,204,210
E08000018,Rotherham,43,56,56,59,61,64,68,67,69,68,74,93,83,84,86,99,98,106,118,134,164,166,178,211,200
E08000019,Sheffield,50,90,97,107,109,112,121,124,130,135,138,141,149,157,156,225,236,240,234,281,271,315,316,385,403
E11000006,West Yorkshire (Metropolitan County),283,320,381,408,420,459,479,492,572,620,651,694,792,832,841,981,979,1015,1137,1173,1214,1345,1396,1528,1527
E08000032,Bradford,48,59,81,84,90,95,101,106,108,110,110,114,121,156,154,161,176,180,214,208,202,240,245,313,313
E08000033,Calderdale,19,21,28,28,28,34,35,35,47,49,53,56,72,69,74,74,74,78,88,92,102,120,124,123,133
E08000034,Kirklees,41,43,50,50,57,59,62,63,63,70,73,75,87,84,86,98,100,119,132,132,139,160,174,182,170
E08000035,Leeds,141,152,172,195,189,212,220,227,289,324,340,363,418,412,415,514,495,504,527,548,575,620,631,690,679
E08000036,Wakefield,34,45,50,51,56,59,61,61,65,67,75,86,94,111,112,134,134,134,176,193,196,205,222,220,232
E12000004,East Midlands,743,862,925,962,1029,1090,1176,1280,1413,1550,1627,1718,1842,1903,1993,2090,2237,2462,2843,3107,3437,3600,3603,3792,3858
E06000015,Derby,53,57,58,58,59,59,62,64,65,70,76,89,92,89,99,119,116,128,181,176,190,202,187,191,202
E06000016,Leicester,70,72,72,73,73,73,74,76,79,90,114,113,112,109,114,114,117,114,168,189,205,208,202,195,206
E06000061,North Northamptonshire (from April 2021),[x],[x],[x],[x],[x],[x],[x],86,92,94,100,118,123,128,139,149,169,202,229,238,251,267,298,315,305
E06000018,Nottingham,104,126,128,125,130,143,148,148,151,191,186,197,204,221,236,230,226,234,262,276,300,302,285,311,318
E06000017,Rutland,10,10,14,14,14,15,17,17,19,22,22,22,22,21,19,18,20,19,23,33,34,38,36,39,39
E06000062,West Northamptonshire (from April 2021),[x],[x],[x],[x],[x],[x],[x],69,82,93,107,108,157,166,177,160,200,238,259,295,337,347,366,374,375
E10000007,Derbyshire,79,101,113,124,138,149,169,184,218,240,249,274,279,286,287,325,337,361,379,441,497,549,531,555,603
E07000032,Amber Valley,6,7,10,10,12,11,11,15,15,23,23,22,22,27,29,40,40,39,45,55,59,67,60,62,68
E07000033,Bolsover,10,14,15,15,15,15,29,35,39,41,45,41,45,45,45,48,48,47,45,72,73,104,75,86,98
E07000034,Chesterfield,20,29,29,31,29,29,31,31,55,59,62,61,64,63,64,68,68,82,80,81,113,102,112,109,117
E07000035,Derbyshire Dales,17,18,20,27,34,33,34,36,36,37,38,47,45,45,46,51,58,60,64,67,69,77,81,87,91
E07000036,Erewash,8,9,13,13,16,18,20,20,21,21,21,30,30,29,23,22,22,25,31,36,38,47,51,51,57
E07000037,High Peak,6,7,8,10,14,24,24,25,25,26,27,29,30,27,28,39,44,43,48,52,58,58,57,64,71
E07000038,North East Derbyshire,5,9,9,9,9,10,10,10,10,11,11,18,17,17,18,18,20,22,22,22,23,22,21,21,20
E07000039,South Derbyshire,7,8,9,9,9,9,10,12,17,22,22,26,26,33,34,39,37,43,44,56,64,72,74,75,81
E10000018,Leicestershire,105,112,125,132,140,145,161,204,224,238,239,233,268,286,293,301,331,371,427,465,505,517,531,581,588
E07000129,Blaby,23,23,23,21,22,26,26,34,48,50,46,46,52,57,57,65,67,75,94,97,103,102,95,116,119
E07000130,Charnwood,24,25,26,34,33,33,37,41,39,42,44,39,39,43,42,34,47,64,72,82,96,108,129,141,134
E07000131,Harborough,17,23,28,29,32,32,32,32,37,37,37,36,50,52,63,69,77,83,88,91,102,95,88,93,102
E07000132,Hinckley and Bosworth,20,20,22,22,25,25,26,40,42,42,42,43,43,51,46,45,47,51,67,87,87,84,81,75,73
E07000133,Melton,4,4,7,7,7,8,8,8,8,10,10,9,9,8,8,9,11,11,12,12,15,16,13,14,14
E07000134,North West Leicestershire,16,16,16,16,16,16,22,24,25,32,35,35,35,35,35,37,40,45,52,54,59,67,79,96,99
E07000135,Oadby and Wigston,1,1,3,3,5,5,10,25,25,25,25,25,40,40,42,42,42,42,42,42,43,45,46,46,47
E10000019,Lincolnshire,116,140,151,160,183,198,212,209,249,253,257,272,282,281,300,302,327,362,423,488,505,529,526,562,562
E07000136,Boston,6,10,10,10,28,30,39,39,45,47,48,47,49,35,38,38,38,39,39,37,43,44,47,60,57
E07000137,East Lindsey,33,36,41,46,47,47,47,48,52,56,54,61,62,62,63,64,66,71,81,87,90,95,101,115,131
E07000138,Lincoln,30,34,36,37,37,49,49,60,64,62,62,71,68,72,74,64,74,83,112,139,147,156,143,143,136
E07000139,North Kesteven,9,11,13,13,13,12,12,14,16,15,15,14,14,15,17,16,17,23,28,37,33,34,34,41,44
E07000140,South Holland,6,10,10,10,10,10,12,11,12,12,12,11,17,22,33,35,35,37,42,42,42,43,49,44,41
E07000141,South Kesteven,20,28,28,31,35,37,37,21,43,44,45,47,47,49,50,61,69,74,80,105,109,115,114,117,107
E07000142,West Lindsey,12,11,13,13,13,13,16,16,17,17,21,21,25,26,25,24,28,35,41,41,41,42,38,42,46
E10000021,Northamptonshire (abolished April 2021),99,104,114,117,133,131,146,[x],[x],[x],[x],[x],[x],[x],[x],[x],[x],[x],[x],[x],[x],[x],[x],[x],[x]
E07000150,Corby (abolished April 2021),26,26,30,33,35,33,33,[x],[x],[x],[x],[x],[x],[x],[x],[x],[x],[x],[x],[x],[x],[x],[x],[x],[x]
E07000151,Daventry (abolished April 2021),19,19,21,21,21,17,19,[x],[x],[x],[x],[x],[x],[x],[x],[x],[x],[x],[x],[x],[x],[x],[x],[x],[x]
E07000152,East Northamptonshire (abolished April 2021),17,17,18,18,19,19,20,[x],[x],[x],[x],[x],[x],[x],[x],[x],[x],[x],[x],[x],[x],[x],[x],[x],[x]
E07000153,Kettering (abolished April 2021),6,7,7,7,12,16,21,[x],[x],[x],[x],[x],[x],[x],[x],[x],[x],[x],[x],[x],[x],[x],[x],[x],[x]
E07000154,Northampton (abolished April 2021),15,16,17,17,17,17,17,[x],[x],[x],[x],[x],[x],[x],[x],[x],[x],[x],[x],[x],[x],[x],[x],[x],[x]
E07000155,South Northamptonshire (abolished April 2021),13,16,16,16,23,23,26,[x],[x],[x],[x],[x],[x],[x],[x],[x],[x],[x],[x],[x],[x],[x],[x],[x],[x]
E07000156,Wellingborough (abolished April 2021),3,3,5,5,6,6,10,[x],[x],[x],[x],[x],[x],[x],[x],[x],[x],[x],[x],[x],[x],[x],[x],[x],[x]
E10000024,Nottinghamshire,107,140,150,159,159,177,187,223,234,259,277,292,303,316,329,372,394,433,492,506,613,641,641,669,660
E07000170,Ashfield,8,18,17,18,18,18,21,21,23,23,29,31,30,50,41,42,43,48,64,45,88,65,71,80,61
E07000171,Bassetlaw,14,20,25,25,24,31,31,31,38,40,41,44,57,51,51,56,60,79,88,100,92,118,133,139,138
E07000172,Broxtowe,27,27,28,28,28,30,30,34,34,34,40,41,41,41,41,39,41,51,56,58,60,64,64,75,80
E07000173,Gedling,14,17,18,18,18,20,20,32,33,43,43,46,44,45,50,56,63,63,65,75,86,92,83,75,66
E07000174,Mansfield,10,17,15,16,18,25,27,27,27,28,28,30,30,29,35,40,39,39,41,49,49,56,56,56,57
E07000175,Newark and Sherwood,19,26,31,35,34,34,34,36,36,39,40,41,38,39,50,68,70,70,86,87,140,151,141,156,168
E07000176,Rushcliffe,15,15,16,19,19,19,24,42,43,52,56,59,63,61,61,71,78,83,92,92,98,95,93,88,90
E12000005,West Midlands,815,891,984,1030,1141,1215,1319,1591,1723,1848,2020,2156,2516,2825,3157,3506,3853,4117,4831,5520,6101,6484,6953,7658,7661
E06000019,"Herefordshire, County of",47,53,56,56,60,63,63,64,67,68,71,74,75,75,86,84,83,94,101,104,114,119,117,139,153
E06000051,Shropshire,38,45,51,55,55,58,59,62,70,73,107,119,124,147,148,162,195,207,289,431,384,378,415,441,446
E06000021,Stoke-on-Trent,24,21,28,29,33,36,38,38,37,37,37,42,49,46,51,60,66,78,81,115,129,86,126,159,158
E06000020,Telford and Wrekin,13,17,23,24,24,25,26,30,30,31,33,32,37,37,38,41,47,59,75,78,83,82,78,82,111
E10000028,Staffordshire,105,113,121,124,161,177,188,196,212,239,264,279,300,304,336,366,380,428,466,475,536,595,647,683,688
E07000192,Cannock Chase,9,11,13,13,13,16,19,24,24,26,30,32,37,37,42,43,44,45,46,45,54,61,71,78,80
E07000193,East Staffordshire,12,14,15,15,17,19,20,21,20,32,40,45,46,50,49,63,73,71,89,85,102,94,86,124,116
E07000194,Lichfield,12,14,15,15,15,15,17,16,17,17,19,20,21,21,24,23,32,34,38,38,35,45,45,46,48
E07000195,Newcastle-under-Lyme,25,25,25,25,26,38,39,40,41,46,46,47,47,49,52,54,54,62,66,62,76,116,151,143,143
E07000196,South Staffordshire,11,12,15,16,46,46,49,46,48,52,54,53,54,54,58,58,57,75,80,80,104,85,90,93,96
E07000197,Stafford,26,26,25,27,28,27,28,29,42,43,46,55,71,71,85,93,88,107,112,118,119,122,123,117,112
E07000198,Staffordshire Moorlands,7,8,8,8,9,9,9,9,9,11,14,12,9,9,10,12,12,14,14,25,25,37,50,50,55
E07000199,Tamworth,3,3,5,5,7,7,7,11,11,12,15,15,15,13,16,20,20,20,21,22,21,35,31,32,38
E10000031,Warwickshire,101,116,131,140,142,153,186,223,252,278,301,310,342,344,361,383,401,437,479,517,586,621,644,741,706
E07000218,North Warwickshire,8,10,12,12,12,13,28,28,33,39,40,40,40,40,47,46,49,42,56,56,64,81,113,115,112
E07000219,Nuneaton and Bedworth,9,13,13,13,13,16,20,20,21,27,29,32,34,31,30,35,32,33,31,31,37,48,50,52,51
E07000220,Rugby,3,4,15,15,18,21,21,45,53,58,61,59,73,79,79,85,91,96,112,122,138,143,158,174,140
E07000221,Stratford-on-Avon,52,57,58,60,59,62,71,77,77,83,91,91,105,105,113,113,123,156,169,183,180,182,157,197,196
E07000222,Warwick,29,32,33,40,40,41,46,53,68,71,80,88,90,89,92,104,106,110,111,125,167,167,166,203,207
E11000005,West Midlands (Metropolitan County),390,423,455,478,544,579,632,839,904,957,1038,1127,1400,1685,1938,2181,2434,2534,2988,3439,3872,4067,4390,4817,4813
E08000025,Birmingham,90,95,99,103,107,122,130,134,154,194,248,326,389,429,456,472,498,521,550,583,624,935,1082,1264,1255
E08000026,Coventry,156,170,184,203,256,260,296,456,481,485,499,502,695,903,1092,1223,1318,1343,1713,2084,2429,2272,2471,2578,2544
E08000027,Dudley,30,32,34,34,34,34,35,37,38,38,42,44,50,98,117,198,152,167,182,179,183,200,218,244,246
E08000028,Sandwell,23,29,29,29,28,30,33,36,37,41,41,45,46,47,49,48,48,68,80,94,114,139,109,135,138
E08000029,Solihull,53,56,66,66,71,82,79,116,119,123,127,134,141,127,135,146,320,329,342,343,356,354,358,419,434
E08000030,Walsall,14,16,18,18,19,20,22,21,24,24,27,26,27,30,33,39,40,41,41,73,76,84,71,92,103
E08000031,Wolverhampton,24,25,25,25,29,31,37,39,51,52,54,50,52,51,56,55,58,65,80,83,90,83,81,85,93
E10000034,Worcestershire,97,103,119,124,122,124,127,139,151,165,169,173,189,187,199,229,247,280,352,361,397,536,536,596,586
E07000234,Bromsgrove,31,32,32,32,32,33,33,42,42,46,50,51,57,53,51,53,55,71,98,100,119,126,128,129,135
E07000235,Malvern Hills,12,12,12,12,12,12,12,10,10,10,10,11,12,16,23,26,34,32,35,36,27,51,58,63,69
E07000236,Redditch,7,8,8,8,9,9,11,11,12,12,12,15,19,20,21,21,21,20,24,25,27,25,30,64,29
E07000237,Worcester,18,19,19,19,20,20,20,20,29,30,30,27,29,28,30,35,38,52,60,74,71,159,151,157,166
E07000238,Wychavon,21,24,40,45,41,42,42,41,43,48,48,49,52,49,49,65,65,72,96,83,111,135,128,136,139
E07000239,Wyre Forest,8,8,8,8,8,8,9,15,15,19,19,20,20,21,25,29,34,33,39,43,42,40,41,47,48
E12000006,East of England,909,963,1069,1119,1229,1289,1394,1569,1667,1789,1887,2083,2269,2380,2494,3146,3302,3569,4069,4471,5122,5566,5829,6249,6400
E06000055,Bedford,33,34,36,38,48,50,63,87,102,105,110,100,115,110,102,115,131,159,186,196,214,184,178,202,202
E06000056,Central Bedfordshire,38,37,38,38,38,39,41,45,46,54,55,54,60,57,90,128,125,132,167,217,299,324,348,358,389
E06000032,Luton,53,54,56,55,59,57,55,50,52,54,54,45,49,49,48,62,50,72,76,86,92,101,108,126,120
E06000031,Peterborough,42,43,51,57,54,59,62,66,66,70,70,69,68,73,75,81,84,90,120,132,124,144,155,166,161
E06000033,Southend-on-Sea,13,14,14,14,14,15,16,16,16,18,19,19,27,27,28,35,34,34,37,37,55,45,48,48,45
E06000034,Thurrock,15,15,18,18,18,18,19,18,19,18,42,54,53,56,56,61,62,81,82,87,143,166,158,165,169
E10000003,Cambridgeshire,95,99,99,105,118,117,131,169,172,190,194,194,247,251,261,351,369,378,455,530,586,755,729,825,856
E07000008,Cambridge,28,28,32,32,32,32,34,51,56,56,59,58,76,82,90,116,139,146,187,226,240,385,349,342,334
E07000009,East Cambridgeshire,8,11,11,11,15,16,16,20,20,18,22,22,22,22,22,42,41,42,46,52,49,54,63,75,67
E07000010,Fenland,3,3,1,1,2,4,4,5,5,5,5,6,5,6,6,10,11,11,15,14,19,20,21,18,25
E07000011,Huntingdonshire,16,16,14,19,22,22,33,49,46,51,53,51,58,58,56,76,76,77,90,115,121,121,120,171,176
E07000012,South Cambridgeshire,40,41,41,42,47,43,44,44,45,60,55,57,86,83,87,107,102,102,117,123,157,175,176,219,254
E10000012,Essex,138,158,194,200,224,260,275,305,330,351,363,361,396,417,427,486,504,565,616,650,715,744,729,782,792
E07000066,Basildon,30,28,41,41,47,48,54,53,58,59,59,59,63,64,64,66,66,78,73,72,81,75,66,61,54
E07000067,Braintree,9,14,19,20,21,45,45,61,71,74,76,75,79,83,82,86,91,98,101,102,128,120,106,106,107
E07000068,Brentwood,1,1,2,3,3,3,5,7,7,7,4,3,3,7,7,20,20,19,27,37,38,39,36,40,49
E07000069,Castle Point,1,1,1,1,2,2,3,3,3,3,3,3,3,3,3,3,3,3,3,3,3,9,15,19,19
E07000070,Chelmsford,20,22,25,25,27,34,36,37,37,40,42,43,39,45,44,53,54,52,61,59,70,79,83,87,93
E07000071,Colchester,24,26,29,29,41,41,42,45,45,49,52,50,63,64,62,72,75,89,97,102,97,102,101,98,106
E07000072,Epping Forest,18,29,29,32,34,34,35,35,35,35,34,36,29,31,39,42,45,46,74,77,75,79,88,113,100
E07000073,Harlow,3,3,4,4,4,8,8,8,12,12,12,10,13,13,18,23,26,31,29,39,40,49,39,39,39
E07000074,Maldon,3,3,3,5,5,5,5,9,9,11,12,12,12,14,14,21,18,20,25,28,28,22,24,23,25
E07000075,Rochford,2,4,12,12,12,13,15,15,15,17,17,19,21,23,24,24,27,41,38,34,39,36,32,33,33
E07000076,Tendring,13,13,14,13,13,13,13,14,16,16,20,20,37,36,37,36,36,37,37,42,38,50,54,71,80
E07000077,Uttlesford,14,14,15,15,15,14,14,18,22,28,32,31,34,34,33,40,43,51,51,55,78,84,85,92,87
E10000015,Hertfordshire,182,192,221,230,274,283,284,312,323,348,367,477,504,536,531,798,847,873,1081,1207,1398,1514,1636,1691,1790
E07000095,Broxbourne,6,6,7,6,7,7,7,10,18,32,32,30,38,43,45,51,52,49,49,54,68,62,79,86,88
E07000096,Dacorum,13,14,16,16,21,22,22,23,23,22,21,18,19,18,18,25,25,42,61,59,121,150,182,200,171
E07000242,East Hertfordshire,13,13,15,15,15,15,14,17,17,17,17,71,73,73,73,89,89,93,122,106,110,117,135,143,150
E07000098,Hertsmere,19,21,24,25,26,26,26,28,28,32,34,40,42,45,45,42,42,61,69,72,97,128,131,140,140
E07000099,North Hertfordshire,15,16,16,18,22,23,23,29,29,28,31,36,36,34,37,48,43,44,55,56,55,58,57,60,87
E07000240,St Albans,25,25,26,31,32,32,32,40,40,40,44,48,53,50,50,54,59,60,65,71,79,73,86,91,88
E07000243,Stevenage,6,6,6,6,9,11,11,11,9,15,16,15,19,21,19,55,57,59,63,88,94,125,121,134,106
E07000102,Three Rivers,42,45,56,57,59,58,58,59,59,62,60,61,43,44,43,46,46,51,53,53,53,84,87,96,109
E07000103,Watford,30,30,37,38,38,44,45,45,47,47,55,54,69,62,61,209,252,226,339,392,453,496,503,454,541
E07000241,Welwyn Hatfield,13,16,18,18,45,45,46,50,53,53,57,104,112,146,140,179,182,188,205,256,268,221,255,287,310
E10000020,Norfolk,158,169,178,178,193,198,241,281,298,320,341,397,419,442,463,595,594,650,664,661,720,772,809,926,961
E07000143,Breckland,15,16,16,16,18,18,28,33,41,50,53,54,56,56,62,65,71,94,94,93,101,103,104,110,107
E07000144,Broadland,12,13,13,13,17,15,18,19,20,20,22,61,62,64,65,76,81,81,81,86,94,95,103,110,111
E07000145,Great Yarmouth,14,17,17,17,20,20,20,32,32,34,34,37,38,48,49,56,62,65,74,76,96,83,81,84,101
E07000146,King's Lynn and West Norfolk,28,30,30,30,34,37,47,53,53,55,62,58,59,58,60,89,86,99,118,114,125,125,138,152,149
E07000147,North Norfolk,24,25,31,31,39,41,53,58,66,69,67,73,74,91,99,100,99,101,98,99,101,109,118,129,142
E07000148,Norwich,46,46,48,48,42,44,43,52,52,52,58,67,85,84,84,119,110,115,113,109,115,136,131,186,187
E07000149,South Norfolk,19,22,23,23,23,23,32,34,34,40,45,47,45,41,44,90,85,95,86,84,88,121,134,155,164
E10000029,Suffolk,142,148,164,186,189,193,207,220,243,261,272,313,331,362,413,434,502,535,585,668,776,817,931,960,915
E07000200,Babergh,13,15,16,16,16,19,19,19,23,29,30,32,44,44,55,52,69,71,76,98,136,128,146,154,134
E07000244,East Suffolk,33,36,47,47,49,44,50,51,62,67,74,82,86,92,106,109,114,129,142,153,167,186,205,222,211
E07000202,Ipswich,48,48,48,49,49,52,52,55,55,54,53,57,54,56,64,72,75,76,112,125,125,135,170,161,168
E07000203,Mid Suffolk,5,6,9,9,9,12,16,16,18,20,21,28,27,29,31,36,73,70,72,80,103,101,127,148,135
E07000245,West Suffolk,43,43,44,65,66,66,70,79,85,91,94,114,120,141,157,165,171,189,183,212,245,267,283,275,267
E12000007,London,4360,4773,5069,5151,5655,6155,7180,7489,7865,9157,10020,10482,11028,11521,12780,13371,16963,18516,19469,20707,21909,22200,23284,24419,26668
E13000001,Inner London,2451,2754,2886,2933,3393,3705,4523,4740,4943,5370,5978,6270,6678,7164,8347,8282,10929,11936,12433,13090,13624,13774,14210,14569,16631
E09000007,Camden,166,175,186,200,349,361,367,357,373,376,370,366,379,361,363,314,336,590,607,640,635,630,632,652,656
E09000001,City of London,36,36,36,36,36,35,35,36,36,52,51,57,57,55,57,64,63,87,88,83,83,84,82,95,95
E09000012,Hackney,126,127,128,128,130,134,135,136,139,197,325,354,395,395,378,378,393,389,432,598,808,1084,1056,1214,1424
E09000013,Hammersmith and Fulham,274,291,301,316,374,386,528,554,580,598,609,644,654,624,606,599,2516,2424,2470,2662,2671,2668,2674,2674,2662
E09000014,Haringey,53,54,52,53,59,82,84,89,92,95,96,95,93,97,101,103,112,231,249,264,292,304,316,325,317
E09000019,Islington,183,205,224,225,227,236,254,266,286,309,351,381,384,389,439,414,458,568,565,569,570,655,674,662,669
E09000020,Kensington and Chelsea,163,277,306,309,309,420,515,547,547,658,651,643,654,752,760,696,803,875,865,906,912,874,897,952,921
E09000022,Lambeth,178,187,191,190,250,247,246,303,307,310,337,326,335,336,322,324,322,322,443,496,512,617,681,688,668
E09000023,Lewisham,58,74,80,82,82,119,127,131,132,132,138,159,179,195,228,229,248,244,223,219,228,229,228,230,258
E09000025,Newham,83,95,95,97,102,100,120,120,153,210,180,182,208,198,200,202,206,213,239,264,290,258,303,344,359
E09000028,Southwark,154,191,195,199,249,267,328,357,390,438,529,546,683,796,1594,1726,1762,1774,1793,1844,1821,1869,1871,1874,1854
E09000030,Tower Hamlets,78,79,79,79,79,78,167,182,190,214,225,234,290,282,333,350,350,366,385,397,386,376,383,379,2251
E09000032,Wandsworth,414,436,443,444,591,594,596,603,623,634,824,874,873,852,770,725,771,1129,1381,1451,1661,1473,1709,1734,1714
E09000033,Westminster,485,527,570,575,556,646,1021,1059,1095,1147,1292,1409,1494,1832,2196,2158,2589,2724,2693,2697,2755,2653,2704,2746,2783
E13000002,Outer London,1909,2019,2183,2218,2262,2450,2657,2749,2922,3787,4042,4212,4350,4357,4433,5089,6034,6580,7036,7617,8285,8426,9074,9850,10037
E09000002,Barking and Dagenham,52,52,60,57,57,60,64,64,64,66,66,64,68,68,69,81,81,77,78,85,126,118,161,163,165
E09000003,Barnet,68,135,137,136,139,139,175,197,210,287,299,319,330,352,339,349,381,416,444,450,472,521,503,792,1036
E09000004,Bexley,20,20,34,34,34,40,41,41,45,67,68,66,46,46,45,45,66,71,122,183,186,206,214,234,220
E09000005,Brent,207,206,209,211,211,233,236,203,237,485,492,501,555,544,629,814,941,1048,1074,1004,1109,1115,1142,1166,1157
E09000006,Bromley,72,72,75,76,80,80,81,80,86,90,91,87,104,104,109,113,114,121,149,153,212,220,207,210,200
E09000008,Croydon,62,61,86,89,94,96,103,99,100,139,161,233,247,246,244,246,255,267,262,370,385,403,413,438,439
E09000009,Ealing,183,209,210,227,225,247,266,266,280,299,300,298,302,344,337,414,497,625,659,698,700,726,789,836,751
E09000010,Enfield,33,38,39,39,37,54,77,105,125,163,175,194,209,209,210,210,242,234,242,241,243,234,259,283,289
E09000011,Greenwich,176,175,188,189,230,240,245,240,257,265,267,277,275,271,260,258,260,249,232,245,254,240,229,211,229
E09000015,Harrow,14,15,15,16,15,16,26,49,49,50,49,45,46,61,62,61,64,65,60,63,73,85,80,84,73
E09000016,Havering,11,11,13,13,14,19,25,25,31,31,30,30,50,49,60,62,65,61,70,81,92,94,95,114,162
E09000017,Hillingdon,190,189,199,198,201,202,187,199,198,201,198,180,188,168,182,192,199,184,191,215,224,228,245,248,225
E09000018,Hounslow,227,226,258,262,256,261,266,268,282,419,426,431,438,435,429,429,596,490,580,598,549,611,646,643,608
E09000021,Kingston upon Thames,27,28,28,29,31,52,52,51,96,178,167,158,160,164,164,169,386,353,351,365,374,409,394,402,397
E09000024,Merton,118,120,153,154,157,168,173,197,199,263,263,263,261,259,334,676,829,791,795,800,792,809,862,869,869
E09000026,Redbridge,47,46,47,47,47,49,51,69,75,95,98,96,104,100,96,99,99,96,97,167,328,345,383,377,372
E09000027,Richmond upon Thames,278,284,284,286,273,327,363,357,354,350,429,462,474,446,390,344,381,755,898,1004,1183,1002,1236,1331,1213
E09000029,Sutton,46,47,49,48,49,52,55,55,51,128,158,169,158,159,159,166,172,190,204,209,220,204,209,245,206
E09000031,Waltham Forest,78,85,99,107,112,115,171,184,183,211,305,339,335,332,315,361,406,487,528,686,763,856,1007,1204,1426
E12000008,South East,1966,2143,2437,2478,2649,2869,3056,3254,3416,3628,3831,4057,4562,4804,5188,5634,5845,6219,7198,7723,8358,9064,9254,10212,10630
E06000036,Bracknell Forest,24,24,28,28,30,32,34,34,36,46,45,44,50,55,58,61,62,79,100,106,107,144,111,123,125
E06000043,Brighton and Hove,59,58,163,165,227,258,272,331,345,344,349,323,353,400,406,424,432,418,437,455,494,526,516,561,575
E06000046,Isle of Wight,29,32,43,46,46,45,47,50,51,53,54,57,62,74,79,77,95,99,101,93,99,111,122,112,136
E06000035,Medway,15,14,15,16,16,16,18,18,17,44,48,50,94,95,106,109,111,114,169,196,199,202,214,214,181
E06000042,Milton Keynes,258,275,282,285,292,327,358,364,372,371,379,343,438,444,478,504,515,508,599,637,671,738,816,878,879
E06000044,Portsmouth,59,62,64,65,71,71,74,74,72,92,100,98,102,81,85,80,81,91,113,137,147,151,160,183,255
E06000038,Reading,37,34,50,50,51,57,58,59,62,64,96,101,115,111,116,122,135,139,275,294,323,320,317,321,317
E06000039,Slough,47,63,64,56,57,66,68,68,68,71,71,70,78,76,75,93,96,75,76,91,112,89,89,120,118
E06000045,Southampton,58,63,66,66,71,71,72,74,87,87,92,91,91,89,90,116,116,113,110,119,77,97,94,119,126
E06000037,West Berkshire,78,83,97,97,98,98,102,104,108,116,123,125,132,143,158,148,163,205,245,260,273,298,300,329,326
E06000040,Windsor and Maidenhead,29,29,31,31,32,33,33,39,40,40,47,58,68,96,103,103,115,120,134,155,156,157,160,155,149
E06000041,Wokingham,39,50,52,52,53,56,61,63,70,85,87,102,108,112,130,135,136,143,191,192,199,220,217,287,316
E06000060,Buckinghamshire,106,115,129,135,135,139,147,156,165,175,181,188,210,210,229,267,275,294,320,354,354,367,380,384,406
E10000011,East Sussex,59,77,83,84,94,97,101,109,115,136,141,149,158,163,165,170,189,267,330,373,416,449,382,415,421
E07000061,Eastbourne,16,31,31,31,33,33,33,36,36,36,36,34,32,32,32,37,50,60,67,68,65,63,64,69,76
E07000062,Hastings,7,8,8,8,11,14,13,14,15,25,25,25,25,33,34,35,35,34,33,33,40,32,32,34,33
E07000063,Lewes,15,16,20,21,23,22,23,24,24,25,25,37,45,42,42,41,51,82,102,130,136,156,120,123,122
E07000064,Rother,9,9,9,9,10,10,10,12,13,21,21,21,23,25,25,25,19,20,22,29,36,32,34,38,38
E07000065,Wealden,12,13,15,15,17,18,22,23,27,29,34,32,33,31,32,32,34,71,106,113,139,166,132,151,152
E10000014,Hampshire,290,327,365,373,380,415,437,481,523,547,573,596,631,646,664,695,716,792,872,903,1012,1173,1195,1266,1277
E07000084,Basingstoke and Deane,45,51,57,58,57,61,64,65,83,83,85,83,91,90,95,94,99,107,117,119,120,148,136,156,166
E07000085,East Hampshire,24,25,27,28,27,32,31,31,37,37,38,38,40,40,41,44,44,47,51,49,48,49,53,57,61
E07000086,Eastleigh,19,21,25,26,27,29,29,57,58,58,61,65,68,72,75,79,83,82,92,92,103,114,118,123,127
E07000087,Fareham,8,8,8,8,8,8,10,11,12,12,12,20,20,20,21,20,20,22,26,31,33,54,58,60,58
E07000088,Gosport,6,8,8,8,9,11,11,11,11,17,17,17,17,17,18,20,22,27,29,33,37,45,42,63,63
E07000089,Hart,33,38,46,46,46,46,46,46,47,47,47,50,50,52,52,52,53,69,103,115,138,151,130,139,135
E07000090,Havant,19,22,25,25,25,25,25,25,27,27,26,26,27,31,31,35,36,39,43,47,54,56,51,51,48
E07000091,New Forest,53,56,58,60,63,74,80,76,80,85,93,94,103,101,104,113,116,118,118,113,127,143,164,183,177
E07000092,Rushmoor,17,22,24,24,27,28,29,31,35,36,35,37,38,47,39,40,40,41,44,48,81,124,125,122,122
E07000093,Test Valley,20,30,39,40,40,43,45,41,42,52,52,52,52,52,52,53,58,81,84,87,89,110,102,97,101
E07000094,Winchester,46,46,48,50,51,58,67,87,91,93,107,114,125,124,136,145,145,159,165,169,182,179,216,215,219
E10000016,Kent,247,271,289,295,306,352,378,405,425,455,482,511,624,687,774,837,823,870,921,955,1051,1130,1256,1381,1404
E07000105,Ashford,30,29,33,33,33,33,35,35,32,36,33,34,33,45,51,63,51,70,72,83,98,108,102,121,122
E07000106,Canterbury,28,31,35,35,37,54,55,65,65,65,64,48,49,49,56,63,64,75,80,92,94,92,99,120,120
E07000107,Dartford,17,19,19,20,21,34,40,40,35,41,56,77,84,86,84,86,92,93,94,94,112,119,136,161,168
E07000108,Dover,9,9,10,11,11,11,11,14,31,36,47,47,83,82,92,98,97,98,102,101,108,105,125,132,125
E07000112,Folkestone and Hythe,25,26,28,28,28,27,31,31,31,31,36,49,89,117,129,132,132,137,147,146,151,159,181,199,189
E07000109,Gravesham,4,4,4,4,4,10,10,10,10,15,15,14,15,25,51,61,61,61,62,62,70,66,66,66,68
E07000110,Maidstone,37,47,47,47,52,56,58,61,64,64,65,64,67,68,69,76,66,71,73,75,72,89,107,99,101
E07000111,Sevenoaks,20,20,18,18,18,18,18,20,29,31,28,26,32,33,34,34,44,43,54,60,80,83,81,96,98
E07000113,Swale,24,30,32,32,33,35,39,41,37,40,42,46,49,56,65,68,64,70,75,71,82,95,115,124,121
E07000114,Thanet,20,19,20,20,21,23,25,25,26,28,27,28,33,34,34,35,42,44,46,53,56,60,60,62,63
E07000115,Tonbridge and Malling,12,12,12,14,14,17,20,19,20,24,24,31,38,43,58,68,69,69,74,74,85,92,98,114,146
E07000116,Tunbridge Wells,21,25,31,33,34,34,36,44,45,44,45,47,52,49,51,53,41,39,42,44,43,62,86,87,83
E10000025,Oxfordshire,196,212,221,227,240,256,294,303,310,322,331,462,497,536,597,613,630,652,744,773,827,849,863,878,946
E07000177,Cherwell,30,38,40,42,52,64,86,95,97,102,109,135,138,138,174,179,195,189,238,253,262,264,245,230,263
E07000178,Oxford,89,92,93,93,90,94,100,99,105,108,104,120,141,137,148,149,153,164,173,181,170,181,185,200,198
E07000179,South Oxfordshire,38,40,42,43,45,46,47,46,45,42,42,66,72,74,84,89,85,85,86,87,101,97,103,113,117
E07000180,Vale of White Horse,24,25,27,30,34,33,42,43,43,47,55,87,89,104,106,108,108,118,142,141,166,177,210,211,197
E07000181,West Oxfordshire,15,17,19,19,19,19,19,20,20,23,21,54,57,83,85,88,89,96,105,111,128,130,120,124,171
E10000030,Surrey,209,220,249,257,274,298,308,325,339,349,391,433,447,475,530,675,700,716,858,894,1007,1116,1057,1292,1341
E07000207,Elmbridge,25,28,30,32,38,37,38,36,38,36,42,54,63,62,72,74,83,98,100,100,110,114,110,132,152
E07000208,Epsom and Ewell,14,14,14,14,15,15,16,16,17,17,18,18,18,17,20,20,20,19,24,25,27,55,29,64,73
E07000209,Guildford,30,27,33,33,36,44,52,58,58,60,67,92,82,83,102,122,114,114,119,124,126,138,136,154,146
E07000210,Mole Valley,11,12,17,17,17,21,21,21,21,22,24,24,24,35,49,105,106,105,125,136,129,135,127,170,176
E07000211,Reigate and Banstead,16,18,18,18,19,27,27,29,29,29,29,29,32,32,35,46,42,39,43,44,52,66,66,71,91
E07000212,Runnymede,22,23,25,27,26,27,25,30,36,37,42,38,41,51,58,70,72,73,95,89,91,97,128,183,160
E07000213,Spelthorne,36,36,46,47,47,48,47,46,46,47,53,53,53,52,53,55,58,56,58,59,62,62,73,89,96
E07000214,Surrey Heath,14,15,17,18,21,21,22,26,26,31,31,34,37,35,33,39,39,40,51,70,74,106,102,98,106
E07000215,Tandridge,11,11,11,11,13,13,13,13,15,18,20,20,20,24,26,28,29,39,40,40,42,40,40,48,54
E07000216,Waverley,18,23,24,24,24,28,29,32,34,33,42,50,55,61,51,74,85,86,91,94,100,107,100,106,115
E07000217,Woking,12,13,14,16,18,17,18,18,19,19,23,21,22,23,31,42,52,47,112,113,194,196,146,177,172
E10000032,West Sussex,127,134,146,150,176,182,194,197,211,231,241,256,304,311,345,405,455,524,603,736,834,927,1005,1194,1332
E07000223,Adur,2,3,4,5,9,10,10,10,10,12,12,12,13,13,14,34,40,52,52,55,54,54,62,64,72
E07000224,Arun,16,16,16,16,20,20,24,24,27,27,29,29,28,24,27,36,35,33,41,99,125,142,149,165,231
E07000225,Chichester,35,41,42,45,46,46,47,46,55,60,61,63,68,67,65,68,67,69,72,83,93,99,109,125,133
E07000226,Crawley,27,24,30,30,30,35,40,41,41,52,50,57,57,56,56,54,74,103,125,131,138,148,172,221,231
E07000227,Horsham,16,18,21,21,25,24,25,27,29,29,29,37,51,55,55,52,71,64,75,87,109,153,160,197,217
E07000228,Mid Sussex,21,22,22,22,33,34,35,35,36,36,36,36,66,72,103,108,109,139,156,168,175,190,184,220,236
E07000229,Worthing,10,10,11,11,13,13,13,14,13,15,24,22,21,24,25,53,59,64,82,113,140,141,169,202,212
E12000009,South West,1150,1281,1397,1416,1505,1555,1642,1717,1873,1985,2091,2233,2388,2518,2724,2919,3075,3599,4278,4612,5010,5286,5572,5829,6133
E06000022,Bath and North East Somerset,49,50,56,58,61,62,62,62,68,80,81,89,93,95,96,109,108,111,112,111,101,103,103,118,121
E06000058,"Bournemouth, Christchurch and Poole",58,63,70,70,72,74,73,77,82,85,88,99,108,115,124,133,160,180,184,207,226,220,266,266,248
E06000023,"Bristol, City of",119,117,111,110,110,103,106,117,123,133,125,123,133,148,149,149,139,137,146,143,168,193,227,189,187
E06000052,Cornwall,153,171,202,205,219,227,242,248,276,285,298,308,340,331,365,408,458,568,627,642,748,752,804,815,883
E06000059,Dorset,63,69,80,81,87,90,104,112,123,130,133,136,141,144,156,165,192,196,244,256,267,313,353,379,447
E06000053,Isles of Scilly,0,0,0,0,0,0,0,0,0,0,0,0,0,0,0,0,0,0,0,0,0,1,8,8,8
E06000024,North Somerset,86,97,81,84,88,87,88,89,90,91,92,86,87,97,98,102,112,120,123,121,124,145,142,153,163
E06000026,Plymouth,41,52,64,67,70,71,74,74,74,74,91,112,126,123,159,157,156,177,188,208,264,291,316,351,365
E06000066,Somerset (from April 2023),[x],[x],[x],[x],[x],[x],[x],[x],[x],[x],[x],[x],[x],[x],[x],305,312,368,447,451,481,471,488,498,533
E06000025,South Gloucestershire,57,63,59,58,64,75,86,98,119,129,157,164,168,169,184,207,215,219,291,295,298,295,326,295,292
E06000030,Swindon,23,26,41,42,43,42,46,45,47,62,75,77,88,110,114,127,134,148,164,178,207,200,198,235,200
E06000027,Torbay,9,19,20,23,25,24,24,25,26,24,23,26,27,29,29,30,33,34,36,42,42,60,70,73,85
E06000054,Wiltshire,96,101,110,110,120,140,147,140,167,176,179,180,184,201,210,210,255,306,372,387,440,440,451,487,491
E10000008,Devon,174,189,221,222,243,248,265,279,301,314,337,380,422,442,486,539,528,730,837,864,857,944,1023,1021,1026
E07000040,East Devon,31,35,44,45,47,49,58,59,64,63,77,77,80,78,82,107,111,159,178,191,169,183,197,214,202
E07000041,Exeter,28,34,35,35,39,40,39,44,49,55,54,84,104,104,124,119,99,194,200,209,222,258,260,259,254
E07000042,Mid Devon,15,16,16,16,22,23,26,27,27,30,31,33,37,37,40,43,47,47,47,46,53,61,60,61,58
E07000043,North Devon,32,35,40,39,42,41,44,49,51,53,54,57,63,67,70,79,73,100,116,117,104,138,169,150,139
E07000044,South Hams,23,26,28,28,28,29,29,29,33,34,34,35,39,53,61,61,59,72,86,92,97,93,95,96,102
E07000045,Teignbridge,12,8,17,18,21,23,24,25,25,27,32,36,40,43,47,65,74,85,111,105,111,106,128,117,141
E07000046,Torridge,20,20,22,22,23,22,24,24,24,24,27,29,30,32,32,33,32,42,48,50,50,55,58,56,54
E07000047,West Devon,13,15,19,19,21,21,21,22,28,28,28,29,29,28,30,32,33,31,51,54,51,50,56,68,76
E10000013,Gloucestershire,136,157,169,170,181,184,185,198,210,220,226,236,244,252,268,278,273,305,507,707,787,858,797,941,1084
E07000078,Cheltenham,26,26,29,29,31,32,36,33,34,35,34,32,31,30,30,40,38,38,70,81,182,196,204,231,242
E07000079,Cotswold,33,38,38,38,41,42,39,50,59,66,73,76,84,86,90,100,101,98,104,140,148,138,150,192,230
E07000080,Forest of Dean,9,12,12,12,13,16,16,16,15,15,15,14,15,15,17,17,18,32,35,95,80,78,81,103,152
E07000081,Gloucester,24,29,31,32,34,35,35,36,38,38,38,40,40,47,59,50,45,53,54,80,108,103,95,112,125
E07000082,Stroud,35,39,39,39,42,39,37,42,43,43,36,43,44,47,44,50,50,50,206,253,217,297,210,224,239
E07000083,Tewkesbury,9,13,20,20,20,20,22,21,21,23,30,31,30,27,28,21,21,34,38,58,52,46,57,79,96
E10000027,Somerset (abolished April 2023),86,107,113,116,122,128,140,153,167,182,186,217,227,262,286,[x],[x],[x],[x],[x],[x],[x],[x],[x],[x]
E07000187,Mendip (abolished April 2023),21,29,31,31,30,31,33,36,38,46,48,52,55,81,86,[x],[x],[x],[x],[x],[x],[x],[x],[x],[x]
E07000188,Sedgemoor (abolished April 2023),18,21,22,22,27,27,28,29,33,33,31,41,42,51,56,[x],[x],[x],[x],[x],[x],[x],[x],[x],[x]
E07000246,Somerset West and Taunton (abolished April 2023),27,29,32,32,33,35,38,40,47,51,54,63,63,60,67,[x],[x],[x],[x],[x],[x],[x],[x],[x],[x]
E07000189,South Somerset (abolished April 2023),20,28,28,31,32,35,41,48,49,52,53,61,67,70,77,[x],[x],[x],[x],[x],[x],[x],[x],[x],[x]
W92000004,Wales,529,569,623,648,675,804,851,916,994,1055,1105,1192,1249,1465,1639,1885,2061,2246,2542,2770,3033,3127,3258,3519,3813
W06000001,Isle of Anglesey,35,35,40,43,46,47,52,54,55,58,61,55,56,65,68,73,71,80,86,91,93,86,88,94,108
W06000002,Gwynedd,56,58,59,60,61,62,65,73,81,90,93,99,115,112,124,147,145,144,154,164,192,227,262,284,351
W06000003,Conwy,21,21,27,30,32,32,34,34,45,46,46,49,54,54,54,60,69,75,99,122,129,129,127,135,127
W06000004,Denbighshire,10,11,12,14,14,16,16,19,19,19,19,29,30,47,53,66,78,87,93,94,122,99,94,97,114
W06000005,Flintshire,13,15,15,15,18,18,22,30,34,34,36,38,30,44,46,51,57,58,72,91,124,95,103,81,119
W06000006,Wrexham,13,13,22,22,25,25,29,30,35,34,36,39,38,42,45,47,47,47,46,45,82,129,118,118,119
W06000023,Powys,60,60,66,69,80,83,84,84,89,90,94,92,113,121,125,113,111,114,121,143,149,151,176,192,205
W06000008,Ceredigion,28,30,30,30,30,29,33,34,42,45,48,48,49,49,52,112,124,124,124,131,136,140,140,142,179
W06000009,Pembrokeshire,68,73,78,79,80,95,96,104,108,108,108,115,126,158,165,172,184,200,217,229,234,248,250,254,276
W06000010,Carmarthenshire,28,32,37,37,36,60,60,66,74,85,87,115,92,95,110,126,130,145,172,180,194,199,215,220,255
W06000011,Swansea,24,25,32,37,39,51,51,53,57,63,74,96,94,118,121,134,136,147,200,215,208,201,228,316,247
W06000012,Neath Port Talbot,8,9,7,7,8,10,11,12,12,12,12,14,16,18,23,22,22,24,24,35,38,52,43,50,51
W06000013,Bridgend,19,21,21,21,21,22,22,23,27,32,32,32,32,40,61,70,74,96,108,122,160,136,138,161,166
W06000014,The Vale of Glamorgan,7,7,11,14,14,14,18,18,26,26,32,36,36,38,55,71,88,98,157,165,160,217,178,181,179
W06000015,Cardiff,45,50,51,51,52,55,57,78,75,79,84,86,89,100,117,117,135,161,158,190,223,213,223,230,251
W06000016,Rhondda Cynon Taf,8,11,16,16,13,13,13,14,18,20,26,26,32,35,51,80,114,146,172,189,195,204,225,241,239
W06000024,Merthyr Tydfil,5,7,8,8,8,8,8,8,7,8,8,8,10,19,21,19,35,32,35,41,47,40,45,51,58
W06000018,Caerphilly,7,11,12,14,16,29,38,39,39,39,36,38,47,51,55,60,73,71,82,80,88,73,81,95,110
W06000019,Blaenau Gwent,5,8,8,8,8,16,16,18,18,18,18,20,32,68,69,71,85,89,93,89,89,78,89,106,92
W06000020,Torfaen,7,8,8,8,8,27,27,27,28,29,29,30,30,29,36,49,52,65,69,67,68,90,95,105,105
W06000021,Monmouthshire,35,35,35,37,38,44,50,49,53,53,52,55,56,55,67,98,96,105,118,117,127,134,143,156,171
W06000022,Newport,27,29,28,28,28,48,49,49,52,67,74,72,72,107,121,127,135,138,142,170,175,186,197,210,291
S92000003,Scotland,1743,1922,2040,1910,2038,2192,2351,2565,2676,2816,2953,2989,3272,3758,3919,3985,4239,4592,5077,5613,6006,6138,6700,7127,7355
S12000033,Aberdeen City,77,83,96,91,91,97,104,103,99,103,100,103,115,130,145,158,162,168,177,202,229,230,251,270,280
S12000034,Aberdeenshire,71,73,80,76,81,98,102,108,106,117,122,121,122,140,150,152,160,162,189,202,205,211,228,221,232
S12000041,Angus,54,59,66,60,60,61,71,76,75,77,78,78,69,76,79,77,83,86,95,95,103,106,104,108,112
S12000035,Argyll & Bute,46,49,64,65,69,70,78,82,86,86,91,91,100,111,111,107,109,119,136,143,143,145,159,176,188
S12000036,City of Edinburgh,112,120,124,113,117,117,125,128,146,178,181,180,257,293,305,312,330,397,505,523,525,604,637,714,702
S12000005,Clackmannanshire,17,19,22,19,19,20,20,23,23,22,22,24,29,36,37,38,40,45,45,50,46,46,50,53,53
S12000006,Dumfries & Galloway,58,70,76,76,81,86,90,101,102,102,113,113,126,175,174,194,232,243,296,307,358,372,381,398,425
S12000042,Dundee City,101,111,116,101,103,109,119,123,127,130,130,130,138,161,180,179,185,177,186,229,243,276,295,328,323
S12000008,East Ayrshire,32,40,45,43,44,55,61,65,67,74,74,73,72,81,87,96,100,105,115,134,137,131,142,144,159
S12000045,East Dunbartonshire,20,23,26,24,24,24,24,25,25,25,27,25,27,28,30,28,28,34,36,36,40,38,47,52,55
S12000010,East Lothian,56,57,65,67,103,108,109,121,123,128,151,157,173,171,173,187,193,240,255,265,276,359,473,458,437
S12000011,East Renfrewshire,23,24,24,21,23,23,25,25,24,24,27,27,26,27,28,26,24,31,40,40,45,44,45,50,50
S12000014,Falkirk,23,26,27,37,41,43,48,51,53,54,55,55,58,77,80,77,88,109,119,122,126,118,131,139,146
S12000047,Fife,89,94,100,93,93,93,105,112,114,117,120,122,147,164,166,166,174,177,195,226,242,219,246,251,272
S12000049,Glasgow City,140,165,169,174,189,188,197,199,203,240,278,277,296,340,361,342,376,400,439,637,688,681,760,835,822
S12000017,Highland,125,128,143,141,152,185,186,211,224,231,245,256,274,313,317,321,341,361,366,393,426,423,439,449,457
S12000018,Inverclyde,17,19,19,22,22,22,24,32,34,34,36,36,33,35,35,38,44,44,56,80,90,88,97,106,118
S12000019,Midlothian,37,38,36,34,38,42,51,60,60,60,63,63,66,70,71,72,73,82,92,96,99,104,115,125,138
S12000020,Moray,30,32,31,32,32,33,33,36,46,48,53,54,60,67,76,76,76,76,75,76,81,78,79,82,81
S12000013,Na h-Eileanan Siar,30,30,30,24,24,25,26,27,28,28,28,29,29,47,47,49,48,48,54,54,61,57,60,60,58
S12000021,North Ayrshire,35,38,40,39,39,42,48,50,50,53,54,54,58,64,67,72,77,90,99,113,127,127,132,148,161
S12000050,North Lanarkshire,62,77,77,74,84,102,124,151,165,168,170,173,178,181,187,188,205,237,269,272,276,259,279,292,299
S12000023,Orkney Islands,24,34,35,29,32,32,32,36,40,40,41,41,48,50,51,51,52,52,55,54,56,43,43,45,44
S12000048,Perth & Kinross,92,96,100,95,100,104,106,117,121,129,131,134,149,172,193,188,180,204,206,225,252,246,265,301,305
S12000038,Renfrewshire,50,49,57,56,63,65,68,71,71,71,71,67,75,115,119,123,122,132,140,156,165,168,201,225,242
S12000026,Scottish Borders,42,47,44,41,41,48,50,49,51,56,58,57,64,74,82,85,82,88,92,92,102,101,109,130,156
S12000027,Shetland Islands,10,10,14,17,17,17,19,20,21,21,21,21,21,30,30,31,35,37,37,39,38,32,36,37,38
S12000028,South Ayrshire,45,46,45,38,39,45,49,54,57,58,59,62,67,75,82,81,87,89,94,96,108,116,128,137,162
S12000029,South Lanarkshire,120,140,137,79,82,101,117,142,148,150,151,160,182,192,196,208,231,237,265,282,326,322,313,328,360
S12000030,Stirling,52,63,65,66,68,69,71,97,115,119,124,126,124,148,149,151,165,168,178,193,219,206,232,243,245
S12000039,West Dunbartonshire,19,25,26,24,24,24,24,24,26,26,32,32,36,43,46,46,63,66,76,82,72,73,101,101,119
S12000040,West Lothian,34,37,41,39,43,44,45,46,46,47,47,48,53,72,65,66,74,88,95,99,102,115,122,121,116
N92000002,Northern Ireland,295,295,305,312,318,320,327,330,332,345,348,328,342,366,389,433,431,465,545,618,639,680,672,684,738
N09000001,Antrim and Newtownabbey,33,33,33,34,34,36,36,37,37,39,39,32,41,37,39,43,38,39,41,49,50,53,58,58,64
N09000011,Ards and North Down,17,17,17,17,17,18,18,19,19,21,20,19,18,19,19,23,24,22,31,29,33,35,37,44,47
N09000002,"Armagh City, Banbridge and Craigavon",30,30,30,30,30,30,30,31,31,34,35,33,32,39,39,41,37,41,38,49,50,53,69,67,69
N09000003,Belfast,42,42,47,47,49,51,53,52,53,53,55,51,67,81,94,109,114,119,178,188,193,199,172,180,182
N09000004,Causeway Coast and Glens,23,23,27,28,32,29,29,28,31,33,34,32,31,32,35,34,34,41,55,57,60,67,62,61,61
N09000005,Derry City and Strabane,23,23,24,27,27,27,26,26,27,27,27,27,25,26,25,25,27,29,32,36,37,39,33,34,31
N09000006,Fermanagh and Omagh,38,38,38,38,38,38,38,38,38,39,38,35,31,35,35,43,39,54,46,61,60,66,63,60,62
N09000007,Lisburn and Castlereagh,11,11,11,11,11,11,16,16,17,16,16,17,13,15,20,23,23,28,33,39,38,39,43,49,62
N09000008,Mid and East Antrim,24,25,25,27,27,27,27,28,24,25,25,25,26,27,27,28,27,28,25,30,36,37,41,42,51
N09000009,Mid Ulster,23,22,22,22,22,22,23,24,24,24,24,23,24,25,26,29,31,30,23,33,36,40,42,41,51
N09000010,"Newry, Mourne and Down",31,31,31,31,31,31,31,31,31,34,35,34,34,30,30,35,37,34,43,47,46,52,52,48,58
